model_key,rank,roc_auc_mean,roc_auc_std,f1_mean,f1_std,precision_mean,precision_std,recall_mean,recall_std,accuracy_mean,accuracy_std,fbeta_mean,fbeta_std,gmean_mean,gmean_std,threshold,gmean_test,roc_auc_test,pr_auc_test,mcc_test,fbeta_test,f1_test,precision_test,recall_test,accuracy_test,composite_score
catboost,1,0.68485,0.0291,0.64224,0.03208,0.71929,0.02913,0.5807,0.03755,0.60611,0.03095,0.60378,0.03544,0.61194,0.03103,0.25,0.36443,0.6898,0.78881,0.29225,0.90009,0.78278,0.64309,1.0,0.66159,0.59081
rf,2,0.6729,0.03453,0.6945,0.02213,0.68603,0.01609,0.70401,0.03622,0.6229,0.02205,0.70007,0.03013,0.59027,0.02134,0.2,0.36443,0.67858,0.77873,0.29225,0.90009,0.78278,0.64309,1.0,0.66159,0.58711
lgbm,3,0.68158,0.0302,0.669,0.02856,0.71535,0.03289,0.62952,0.03765,0.62061,0.02977,0.6446,0.03346,0.61699,0.03145,0.37,0.36883,0.66879,0.77426,0.27852,0.8968,0.78116,0.64297,0.995,0.66006,0.58244
gb,4,0.65053,0.02847,0.70695,0.01645,0.66444,0.01729,0.75593,0.02736,0.61794,0.02052,0.73546,0.02164,0.55013,0.03046,0.22,0.45859,0.64918,0.75588,0.19905,0.84413,0.75884,0.64947,0.9125,0.64634,0.57184
xgb,5,0.64852,0.0371,0.70711,0.0277,0.66283,0.02055,0.7584,0.04297,0.61756,0.03142,0.73693,0.03583,0.54806,0.03199,0.2,0.43084,0.63012,0.74206,0.12242,0.81708,0.73795,0.63538,0.88,0.6189,0.53854
